row_number,x,y,probability,predicted_class
1,0.1,0.2,0.9998472640536569,1
2,-0.8,-0.9,1.0141755288117576e-05,0
3,0.9,0.1,0.788001753047754,1
